"source","key","name","nameKana","description","descriptionKana"
"monsters_dark_egg","EGG","たまご","たまご","これから何が生まれるかな？ワクワクするね！","これからなにがうまれるかな？ワクワクするね！"
"monsters_light_egg","EGG","たまご","たまご","これから何が生まれるかな？ワクワクするね！","これからなにがうまれるかな？ワクワクするね！"
"buddha_egg","EGG","たまご","たまご","ほのかに金色の光をまとった、とくべつなたまご。中から何が生まれるのかな？","ほのかにきんいろのひかりをまとった、とくべつなたまご。なかからなにがうまれるのかな？"
"monsters_dark_table","STUDY","ラーン","ラーン","大きな眼鏡をかけ、常に分厚い本を抱えた小さな浮遊霊。言葉は「ホウ？」「ナルホド」と理屈っぽい。まだ魔力は弱く、ペンを1本浮かせるのが精一杯。","おおきなめがねをかけ、つねにぶあついほんをかかえたちいさなふゆうれい。ことばは「ホウ？」「ナルホド」とりくつっぽい。まだまりょくはよわく、ペンを1ぽんうかせるのがせいいっぱい。"
"monsters_dark_table","STAMINA","ストーン","ストーン","岩に手足が生えたような、どっしりしたモンスター。動きはゆっくりだが、我慢強い。いつも「フンヌッ！」と気合を入れている。","いわにてあしがはえたような、どっしりしたモンスター。うごきはゆっくりだが、がまんづよい。いつも「フンヌッ！」ときあいをいれている。"
"monsters_dark_table","LIFE","ヘルプ","ヘルプ","いつもニコニコ、元気に二足歩行する小さな妖精。手先が器用で、靴を揃えたり挨拶をするのが得意。世話焼きで、困っている人を放っておけない。","いつもニコニコ、げんきににそくほこうするちいさなようせい。てさきがきような、くつをそろえたりあいさつをするのがとくい。せわやきで、こまっているひとをほうっておけない。"
"monsters_dark_table","STUDY_STUDY","ライブラ","ライブラ","ラーンが本と合体し、背中に本棚を背負った姿に。浮遊する本の数が増え、高速でページをめくりながら知識を吸収する。少し気難しく、静寂を好む。","ラーンがほんとがったいし、せなかにほんだなをせおったすがたに。ふゆうするほんのかずがふえ、こうそくでページをめくりながらちしきをきゅうしゅうする。すこしきむずかしく、せいじゃくをこのむ。"
"monsters_dark_table","STUDY_STAMINA","アーマード","アーマード","勉系の知能を持ちつつ、体力をつけてガッチリした金属の体を得た。魔力を動力源とするゴーレム。冷静な判断力で、重い魔導書を盾のように扱う。","べんけいのちのうをもちつつ、たいりょくをつけてガッチリしたきんぞくのからだをえた。まりょくをどうりょくげんとするゴーレム。れいせいなはんだんりょくで、おもいまどうしょをたてのようにあつかう。"
"monsters_dark_table","STUDY_LIFE","クリン","クリン","ラーンの「生活を便利にしたい」という気づきから進化。浮遊するハタキや雑巾を魔力で操る。効率的な掃除ルートを計算するのが大好き。","ラーンの「せいかつをべんりにしたい」というきづきからしんか。ふゆうするハタキやぞうきんをまりょくであやつる。こうりつてきなそうじルートをけいさんするのがだいすき。"
"monsters_dark_table","STAMINA_STUDY","グラビド","グラビド","ストーンが知識に目覚めた。自分の体の重さを不思議に思い、重力を操る術を少しだけ覚えた。体の周囲に小さな岩が浮いている。","ストーンがちしきにめざめた。じぶんのからだのおもさをふしぎにおもい、じゅうりょくをあやつるすべをすこしだけおぼえた。からだのしゅういにちいさないわがういている。"
"monsters_dark_table","STAMINA_STAMINA","ブロック","ブロック","ストーンが体力をさらに鍛え、より大きく硬い岩石の体になった。動くことは少ないが、そこにいるだけで安心感を与える、頼り甲斐のある背中。","ストーンがたいりょくをさらにきたえ、よりおおきくかたいがんせきのからだになった。うごくことはすくないが、そこにいるだけであんしんかんをあたえる、たよりがいのあるせなか。"
"monsters_dark_table","STAMINA_LIFE","わっしょい","わっしょい","体力を、みんなを楽しませるために使う。笑顔がトレードマーク。腰にハッピを巻き、重いものを担ぐのが大好きで、自然と周囲に人が集まる。","たいりょくを、みんなをたのしませるためにつかう。えがおがトレードマーク。こしにハッピをまき、おもいものをかつぐのがだいすきで、しぜんとしゅういにひとがあつまる。"
"monsters_dark_table","LIFE_STUDY","チックタック","チックタック","ヘルプが知識に目覚め、時間を守ることの大切さを知った姿。眼鏡をかけ、多くの手で時計を修理・管理する。生活リズムにうるさいアドバイザー。","ヘルプがちしきにめざめ、じかんをまもることのたいせつさをしったすがた。めがねをかけ、おおくのてでとけいをしゅうり・かんりする。せいかつリズムにうるさいアドバイザー。"
"monsters_dark_table","LIFE_STAMINA","キャリア","キャリア","ヘルプが体力をつけ、重い荷物を運べるようになった。丈夫な足腰と器用な手を持ち、文句を言わず笑顔で荷物を運ぶ働き者。","ヘルプがたいりょくをつけ、おもいにもつをはこべるようになった。じょうぶなあしこしときようなてをもち、もんくをいわずえがおでにもつをはこぶはたらきもの。"
"monsters_dark_table","LIFE_LIFE","マザー","マザー","ヘルプが生活力をさらに高め、家事のプロになった。エプロン姿で、たくさんの「手」で同時に料理・洗濯・掃除をこなす。温かい笑顔でみんなを包み込む。","ヘルプがせいかつりょくをさらにたかめ、かじのプロになった。エプロンすがたで、たくさんの「て」でどうじにりょうり・せんたく・そうじをこなす。あたたかいえがおでみんなをつつみこむ。"
"monsters_dark_table","STUDY_STUDY_STUDY","ウィズダム","ウィズダム","巨大な魔導書の上に座し、無数の魔法のペンが周囲を公転する。世界の真理を解き明かした賢者。常に目を閉じ、数式をブツブツと呟いている。","きょだいなまどうしょのうえにざし、むすうのまほうのペンがしゅういをこうてんする。せかいのしんりをときあかしたけんじゃ。つねにめをとじ、すうしきをブツブツとつぶやいている。"
"monsters_dark_table","STUDY_STUDY_STAMINA","タクティクス","タクティクス","知識を戦闘に特化させた。クリスタルの体に戦術図が浮かび上がる。敵の動きを完全に予知し、最小限の動きで最大効率の攻撃を繰り出す。","ちしきをせんとうにとっかさせた。クリスタルのからだにせんじゅつずがうかびあがる。てきのうごきをかんぜんによちし、さいしょうげんのうごきでさいだいこうりつのこうげきをくりだす。"
"monsters_dark_table","STUDY_STUDY_LIFE","エジソン","エジソン","「全自動生活」を夢見る、全身ガジェットだらけのロボット。子供の宿題を手伝う全自動お助けメカを作り、理屈っぽいお喋りは相変わらず。","「ぜんじどうせいかつ」をゆめみる、ぜんしんガジェットだらけのロボット。こどものしゅくだいをてつだうぜんじどうおたすけメカをつくり、りくつっぽいおしゃべりはあいかわらず。"
"monsters_dark_table","STUDY_STAMINA_STUDY","フォート","フォート","魔導鉄兵がさらに知識を深め、自身の重さを魔力で制御し巨大な浮遊要塞となった。完璧な計算に基づいた防御障壁を張る。","まどうてっぺいがさらにちしきをふかめ、じしんのおもさをまりょくでせいぎょしきょだいなふゆうようさいとなった。かんぺきなけいさんにもとづいたぼうぎょしょうへきをはる。"
"monsters_dark_table","STUDY_STAMINA_STAMINA","イージス","イージス","アーマードが体力を極め、超重量級の合金ボディとなった。知能は高いが、言葉より先に「守る」行動に出る、無口で頼れる巨大ロボ。","アーマードがたいりょくをきわめ、ちょうじゅうりょうきゅうのごうきんボディとなった。ちのうはたかいが、ことばよりさきに「まもる」こうどうにでる、むくちでたよれるきょだいロボ。"
"monsters_dark_table","STUDY_STAMINA_LIFE","レスキュー","レスキュー","知識と体力を、人助けに使うことを決意。怪我人を運ぶストレッチャーや治療器具を内蔵した、頼もしいカラクリ馬車となる。","ちしきとたいりょくを、ひとだすけにつかうことをけつい。けがにんをはこぶストレッチャーやちりょうきぐをないぞうした、たのもしいカラクリばしゃとなる。"
"monsters_dark_table","STUDY_LIFE_STUDY","マイスター","マイスター","クリンがさらに効率を追求。無数の小型ドローンを配下に持ち、部屋全体のホコリを一瞬で計算・除去する。汚れを見つけると少しヒステリックになる。","クリンがさらにこうりつをついきゅう。むすうのこがたドローンをはいかにもち、へやぜんたいのホコリをいっしゅんでけいさん・じょきょする。よごれをみつけるとすこしヒステリックになる。"
"monsters_dark_table","STUDY_LIFE_STAMINA","スリープ","スリープ","生活を支える体力を得て、究極の「安らぎ」を提供する。羊のような姿で、魔力で編んだフカフカの布団と適度な重みで安眠を誘う。","せいかつをささえるたいりょくをえて、きゅうきょくの「やすらぎ」をていきょうする。ひつじのようなすがたで、まりょくであんだフカフカのふとんとてきどのおもみであんみんをさそう。"
"monsters_dark_table","STUDY_LIFE_LIFE","セバス","セバス","生活力を極めた黄金の執事ロボ。洗練されたお辞儀と完璧な手際ですべての家事をこなす。主人の健康状態を常に計算し、最適な食事を提供する。","せいかつりょくをきわめたおうごんのしつじロボ。せんれんされたおじぎとかんぺきなてぎわですべてのかじをこなす。しゅじんのけんこうじょうたいをつねにけいさんし、さいてきなしょくじをていきょうする。"
"monsters_dark_table","STAMINA_STUDY_STUDY","クリスタル","クリスタル","重力の研究を極め、岩石の体が透明なクリスタルへと変化した竜。理屈っぽく、美しい幾何学模様を愛する。浮遊するクリスタルで攻撃・防御を行う。","じゅうりょくのけんきゅうをきわめ、がんせきのからだがとうめいなクリスタルへとへんかしたりゅう。りくつっぽく、うつくしいきかがくもようをあいする。ふゆうするクリスタルでこうげき・ぼうぎょをおこなう。"
"monsters_dark_table","STAMINA_STUDY_STAMINA","マギグラビ","マギグラビ","知識を体力へ還元。巨大な岩石の体そのものを重力魔法で自在に浮遊させ、超重量の体当たりを食らわせる重力の魔術師。","ちしきをたいりょくへかんげん。きょだいながんせきのからだそのものをじゅうりょくまほうでじざいにふゆうさせ、ちょうじゅうりょうのたいあたりをくらわせるじゅうりょくのまじゅつし。"
"monsters_dark_table","STAMINA_STUDY_LIFE","クロック","クロック","重力制御の知識を、正確な時を刻む生活力へ応用。体が巨大な時計塔となり、村のシンボルとして時間を守り、重力で天気を予測する。","じゅうりょくせいぎょのちしきを、せいかくなときをきざむせいかつりょくへおうよう。からだがきょだいなとけいとうとなり、むらのシンボルとしてじかんをまもり、じゅうりょくでてんきをよそくする。"
"monsters_dark_table","STAMINA_STAMINA_STUDY","ガイア","ガイア","動かざる岩が、大地の鼓動を聞く知識を得た。山のように巨大で、地面に耳を当てて地震や天災を予知する、寡黙な予言者。","うごかざるいわが、だいちのこどうをきくちしきをえた。やまのようにきょだいで、じめんにみみをあてててじしんやてんさいをよちする、かもくなよげんしゃ。"
"monsters_dark_table","STAMINA_STAMINA_STAMINA","ゴッドストーン","ゴッドストーン","体力を究極まで極めた。山そのものが意思を持ったような姿。絶対に動かないことへの自信に溢れ、あらゆる攻撃を弾き返す、不屈の象徴。","たいりょくをきゅうきょくまできわめた。やまそのものがいしをもったようなすがた。ぜったいにうごかないことへのじしんにあふれ、あらゆるこうげきをはじきかえす、ふくつのしょうちょう。"
"monsters_dark_table","STAMINA_STAMINA_LIFE","ガーディアン","ガーディアン","鍛えた体で家事を手伝い、みんなを守る。巨大なクマのような姿でエプロンをしている。世話焼きで、子供を背中に乗せて遊ぶのが大好き。","きたえたからだでかじをてつだい、みんなをまもる。きょだいなクマのようなすがたでエプロンをしている。せわやきで、こどもをせなかにのせてあそぶのがだいすき。"
"monsters_dark_table","STAMINA_LIFE_STUDY","エール","エール","笑顔とパワーに加え、どうすれば人を効率よく元気づけられるかを理解した。巨大な声と正確なリズムの応援で、みんなのやる気を最大化する。","えがおとパワーにくわえ、どうすればひとをこうりつよくげんきづけられるかをりかいした。きょだいなこえとせいかくなリズムのおうえんで、みんなのやるきをさいだいかする。"
"monsters_dark_table","STAMINA_LIFE_STAMINA","グロウ","グロウ","笑顔とパワーを、作物を育てることに注いだ。頑丈な足腰で荒れ地を耕し、どんな日照りにも負けず、豊かな実りをもたらす大きな優しいクマ。","えがおとパワーを、さくもつをそだてることにそそいだ。がんじょうなあしこしであれちをたがやし、どんなひでりにもまけず、ゆたかなみのりをもたらすおおきなやさしいクマ。"
"monsters_dark_table","STAMINA_LIFE_LIFE","ミコシ","ミコシ","生活力を極めた。自身が黄金の神輿となり、みんなに担がれることで、その土地に健康と繁栄をもたらす、笑顔と幸福のエネルギーの塊。","せいかつりょくをきわめた。じしんがおうごんのみこしとなり、みんなにかつがれることで、そのとちにけんこうとはんえいをもたらす、えがおとこうふくのエネルギーのかたまり。"
"monsters_dark_table","LIFE_STUDY_STUDY","カレンダー","カレンダー","時間管理を極めた。全身がカレンダーと時計で構成されている。1秒のズレも許さず、主人の予定を完璧に管理し、効率的な生活を徹底させる。","じかんかんりをきわめた。ぜんしんがカレンダーととけいでこうせいされている。1びょうのズレもゆるさず、しゅじんのよていをかんぺきにかんりし、こうりつてきなせいかつをてっていさせる。"
"monsters_dark_table","LIFE_STUDY_STAMINA","マイスター","マイスター","時計の知識と、それを形にするタフな手を得た。生活を便利にするカラクリ家具や道具を次々と作り出す、笑顔の頑固職人。","とけいのちしきと、それをかたちにするタフなてをえた。せいかつをべんりにするカラクリかぐやどうぐをつぎつぎとつくりだす、えがおのがんこしょくにん。"
"monsters_dark_table","LIFE_STUDY_LIFE","カロリー","カロリー","時間管理を健康管理へ応用。食材の栄養素を瞬時に計算し、最高のタイミングで完璧なバランスの食事を提供する、白衣を着た料理人。","じかんかんりをけんこうかんりへおうよう。しょくざいのえいようそをしゅんじにけいさんし、さいこうのタイミングでかんぺきなバランスのしょくじをていきょうする、はくいをきたりょうりにん。"
"monsters_dark_table","LIFE_STAMINA_STUDY","マーチャント","マーチャント","荷運びの中で世の中のニーズを学んだ。巨大なリュックには生活必需品が詰まっており、笑顔と巧みな話術で必要な人に必要なものを届ける。","にはこびのなかでよのなかのニーズをまなんだ。きょだいなリュックにはせいかつひつじゅひんがつまっており、えがおとたくみなわじゅつでひつようなひとにひつようなものをとどける。"
"monsters_dark_table","LIFE_STAMINA_STAMINA","ムービング","ムービング","体力を極め、家一軒をそのまま持ち上げられるほどのパワーを得た。器用な手で家具を傷つけず、笑顔で迅速に引っ越しをこなす、頼り甲斐のある巨人。","たいりょくをきわめ、いえいっけんをそのままもちあげられるほどのパワーをえた。きようなてでかぐをきずつけず、えがおでじんそくにひっこしをこなす、たよりがいのあるきょじん。"
"monsters_dark_table","LIFE_STAMINA_LIFE","ナース","ナース","パワーを優しさのために使う。大きな体で子供を優しく抱き上げ、どんなに泣き喚く子も笑顔で寝かしつける、太陽のような包容力を持つ。","パワーをやさしさのためにつかう。おおきなからだでこどもをやさしくだきあげ、どんなになきわめくこもえがおでねかしつける、たいようのようなほうようりょくをもつ。"
"monsters_dark_table","LIFE_LIFE_STUDY","シェフ","シェフ","家事の中でも料理の知識を極めた。無数の手で異なる料理を同時に作り、味・栄養・彩り、すべてが完璧な至高のフルコースを提供する。","かじのなかでもりょうりのちしきをきわめた。むすうのてでことなるりょうりをどうじにつくり、あじ・えいよう・いろどり、すべてがかんぺきなしこうのフルコースをていきょうする。"
"monsters_dark_table","LIFE_LIFE_STAMINA","サンシャイン","サンシャイン","洗濯に体力を注いだ。どんな頑固な汚れも強靭な腕で真っ白に洗い上げ、太陽のような熱気で一瞬で乾かす。抱きつくとお日様の匂いがする。","せんたくにたいりょくをそそいだ。どんながんこなよごれもきょうじんなうででまっしろにあらいあげ、たいようのようなねっきでいっしゅんでかわかす。だきつくとおひさまのにおいがする。"
"monsters_dark_table","LIFE_LIFE_LIFE","ゴッドセバス","ゴッドセバス","生活力を極めた究極の奉仕者。存在自体がその場所を「完璧な快適空間」に変える。常に最高の笑顔で、主人の望みを先読みして叶える。","せいかつりょくをきわめたきゅうきょくのほうししゃ。そんざいじたいがそのばしょを「かんぺきなかいてきくうかん」にかえる。つねにさいこうのえがおで、しゅじんののぞみをさきよみしてかなえる。"
"monsters_light_table","STUDY","ルミナ","ルミナ","星の光みたいにふわっと輝く小さな妖精。丸くてキラキラした目が可愛い。本を読むと魔法の光文字が体を包む。「ふふっ、わかったよ！」が口グセ。","ほしのひかりみたいにふわっとかがやくちいさなようせい。まるくてキラキラしためがかわいい。ほんをよむとまほうのひかりもじがからだをつつむ。「ふふっ、わかったよ！」がくちぐせ。"
"monsters_light_table","STAMINA","アクティ","アクティ","ぽよぽよした体でいつも元気いっぱい！どんな坂道も全力ダッシュ。「やるきまんまん！」が口グセで、しっぽをふりふりしながら走り回っている。","ぽよぽよしたからだでいつもげんきいっぱい！どんなさかみちもぜんりょくダッシュ。「やるきまんまん！」がくちぐせで、しっぽをふりふりしながらはしりまわっている。"
"monsters_light_table","LIFE","メルル","メルル","ふわふわの羽根をもつちいさな精霊。お家の中の小さな「ハッピー」を見つけるのが得意。靴をそろえたりお手伝いが大好きで、そっといい香りを運んでくれる。","ふわふわのはねをもつちいさなせいれい。おうちのなかのちいさな「ハッピー」をみつけるのがとくい。くつをそろえたりおてつだいがだいすきで、そっといいかおりをはこんでくれる。"
"monsters_light_table","STUDY_STUDY","インテリキャット","インテリキャット","ルミナが本と友だちになって、ふわふわ猫に進化！頭に小さな眼鏡をかけ、しっぽで本のページをめくる。勉強中はとっても集中するけど、なでなでされるとゴロゴロいう。","ルミナがほんととだちになって、ふわふわねこにしんか！あたまにちいさなめがねをかけ、しっぽでほんのページをめくる。べんきょうちゅうはとってもしゅうちゅうするけど、なでなでされるとゴロゴロいう。"
"monsters_light_table","STUDY_STAMINA","クリスタルバード","クリスタルバード","知識と体力を両方鍛えた、翼がクリスタルで輝く鳥。空を飛びながらメモをとり、どんな高い木にも登って調べものをする。羽ばたくと知恵のきらめきが広がる。","ちしきとたいりょくをりょうほうきたえた、つばさがクリスタルでかがやくとり。そらをとびながらメモをとり、どんなたかいきにものぼってしらべものをする。はばたくとちえのきらめきがひろがる。"
"monsters_light_table","STUDY_LIFE","インクペンギン","インクペンギン","ルミナが「くらしをもっとたのしく」と考えて進化。ぽてぽてしたペンギンの体にインク瓶をいつも持っている。毎日のできごとを絵日記にかわいくまとめるのが大好き。","ルミナが「くらしをもっとたのしく」とかんがえてしんか。ぽてぽてしたペンギンのからだにインクびんをいつももっている。まいにちのできごとをえにっきにかわいくまとめるのがだいすき。"
"monsters_light_table","STAMINA_STUDY","スカウトフォックス","スカウトフォックス","アクティが賢くなって、山や森で道を探すのが得意なキツネに進化。くるんとした尻尾のおかげでバランス感覚も抜群。地図を読みながら颯爽と走る。","アクティがかしこくなって、やまやもりでみちをさがすのがとくいなキツネにしんか。くるんとしたしっぽのおかげでバランスかんかくもばつぐん。ちずをよみながらさっそうとはしる。"
"monsters_light_table","STAMINA_STAMINA","ブレイブレオ","ブレイブレオ","体力をさらに鍛えた勇敢なライオン。ふわふわのたてがみがかわいく、でんと構えた姿はとっても頼もしい。「ぜったいまけないよ！」が口グセ。","たいりょくをさらにきたえたゆうかんなライオン。ふわふわのたてがみがかわいく、でんとかまえたすがたはとってもたのもしい。「ぜったいまけないよ！」がくちぐせ。"
"monsters_light_table","STAMINA_LIFE","レスキューパピー","レスキューパピー","体力をみんなのために使う元気な子犬。ふわふわの耳で遠くの声を聞き、小さな救急バッグを背負っていつでも助けに行く。笑顔と尻尾ふりが最高の応援。","たいりょくをみんなのためにつかうげんきなこいぬ。ふわふわのみみでとおくのこえをきき、ちいさなきゅうきゅうバッグをせおっていつでもたすけにいく。えがおとしっぽふりがさいこうのおうえん。"
"monsters_light_table","LIFE_STUDY","ミントアライグマ","ミントアライグマ","メルルが時間の大切さに気づいて進化。ミントグリーンの縞模様がキュート。几帳面に手を洗い、生活リズムをノートに書き留めるのが得意。","メルルがじかんのたいせつさにきづいてしんか。ミントグリーンのしまもようがキュート。きちょうめんにてをあらい、せいかつリズムをノートにかきとめるのがとくい。"
"monsters_light_table","LIFE_STAMINA","ポポパンダ","ポポパンダ","メルルが力持ちになった丸々としたパンダ。ゆっくりのんびりだけど、いざとなるとびっくりするほど力持ち。笑顔でタケノコを渡してくれる姿が最高にかわいい。","メルルがちからもちになったまるまるとしたパンダ。ゆっくりのんびりだけど、いざとなるとびっくりするほどちからもち。えがおでタケノコをわたしてくれるすがたがさいこうにかわいい。"
"monsters_light_table","LIFE_LIFE","コットンラム","コットンラム","生活力がさらに上がってふわふわの羊に進化。体がコットンみたいにもこもこ。お洗濯とお料理が得意で、家にいるだけでほんわかした気持ちになれる。","せいかつりょくがさらにあがってふわふわのひつじにしんか。からだがコットンみたいにもこもこ。おせんたくとおりょうりがとくいで、いえにいるだけでほんわかしたきもちになれる。"
"monsters_light_table","STUDY_STUDY_STUDY","大魔導士プラチナキャット","だいまどうしプラチナキャット","白銀の毛並みに魔法陣が浮かぶ大魔導士猫。星の輝きを纏い、無数の本が周りをくるくる飛んでいる。微笑みながらキラキラの魔法をかけてくれる知恵の女王。","はくぎんのけなみにまほうじんがうかぶだいまどうしねこ。ほしのかがやきをまとい、むすうのほんがまわりをくるくるとんでいる。ほほえみながらキラキラのまほうをかけてくれるちえのじょおう。"
"monsters_light_table","STUDY_STUDY_STAMINA","チェスナイト・スノーレオ","チェスナイト・スノーレオ","チェスの戦略を極めた雪白のライオン。たてがみが雪の結晶みたいにキラキラ輝く。一手で相手の気持ちを読んで最高の答えを導く。でもお昼寝が何より大好き。","チェスのせんりゃくをきわめたせっぱくのライオン。たてがみがゆきのけっしょうみたいにキラキラかがやく。いってであいてのきもちをよんでさいこうのこたえをみちびく。でもおひるねがなによりだいすき。"
"monsters_light_table","STUDY_STUDY_LIFE","古書堂のミケネコ","こしょどうのミケネコ","三毛猫が古い本屋さんに棲みついた姿。たくさんの本の香りに包まれ、訪れた人に必要な本をそっと教えてくれる。その眼差しは優しく、すべてを見通しているみたい。","みけねこがふるいほんやさんにすみついたすがた。たくさんのほんのかおりにつつまれ、おとずれたひとにひつようなほんをそっとおしえてくれる。そのまなざしはやさしく、すべてをみとおしているみたい。"
"monsters_light_table","STUDY_STAMINA_STUDY","極光のペガサス","きょっこうのペガサス","知性と体力を究めた白馬に翼が生えた姿。オーロラのような光のたてがみをなびかせて空を駆ける。その蹄が触れた地には知恵の花が咲くという。","ちせいとたいりょくをきわめたはくばにつばさがはえたすがた。オーロラのようなひかりのたてがみをなびかせてそらをかける。そのひづめがふれたちにはちえのはながさくという。"
"monsters_light_table","STUDY_STAMINA_STAMINA","空の覇者グリフォン","そらのはしゃグリフォン","鷹の知恵とライオンの体力を持つ誇り高き生き物。空の一番高いところから世界を見守り、大切なものを守り抜く。その翼の風に当たると勇気が湧いてくる。","たかのちえとライオンのたいりょくをもつほこりたかきいきもの。そらのいちばんたかいところからせかいをみまもり、たいせつなものをまもりぬく。そのつばさのかぜにあたるとゆうきがわいてくる。"
"monsters_light_table","STUDY_STAMINA_LIFE","幸運の青い鳥","こううんのあおいとり","幸せを運ぶと言われる小さな青い鳥。頭がよくて飛ぶのも得意で、困っている人を見つけると必ずそっと助けてくれる。羽根が触れた場所には幸運の花びらが舞う。","しあわせをはこぶといわれるちいさなあおいとり。あたまがよくてとぶのもとくいで、こまっているひとをみつけるとかならずそっとたすけてくれる。はねがふれたばしょにはこううんのはなびらがまう。"
"monsters_light_table","STUDY_LIFE_STUDY","時計仕掛けのラビット","とけいじかけのラビット","精密な時計の歯車で動く不思議なウサギ。耳が時計の針みたいにくるくる回る。「おじかんをたいせつに！」と言いながら、正確な生活リズムを教えてくれる。","せいみつなとけいのはぐるまでうごくふしぎなウサギ。みみがとけいのはりみたいにくるくるまわる。「おじかんをたいせつに！」といいながら、せいかくなせいかつリズムをおしえてくれる。"
"monsters_light_table","STUDY_LIFE_STAMINA","発明家のビーバー","はつめいかのビーバー","知識と生活力で便利なものを作り続けるビーバー。丈夫な歯と器用な手で毎日新しいお家グッズを発明している。しっぽで設計図を描くのが何より楽しみ。","ちしきとせいかつりょくでべんりなものをつくりつづけるビーバー。じょうぶなはときようなてでまいにちあたらしいおうちグッズをはつめいしている。しっぽでせっけいずをえがくのがなによりたのしみ。"
"monsters_light_table","STUDY_LIFE_LIFE","調香師のリス","ちょうこうしのリス","自然の香りを知り尽くしたかわいいリス。どんぐり帽子にハーブを詰め、最高のアロマを調合する。そのお部屋にいるだけでふわっと幸せな気持ちになれる。","しぜんのかおりをしりつくしたかわいいリス。どんぐりぼうしにハーブをつめ、さいこうのアロマをちょうごうする。そのおへやにいるだけでふわっとしあわせなきもちになれる。"
"monsters_light_table","STAMINA_STUDY_STUDY","氷上のフィギュアフォックス","ひょうじょうのフィギュアフォックス","氷の上を舞う、知恵と美しさを兼ね備えたキツネ。クリスタルのスケートシューズで完璧な演技をして、見る人全員を笑顔にする。その軌跡は星の絵になる。","こおりのうえをまう、ちえとうつくしさをかねそなえたキツネ。クリスタルのスケートシューズでかんぺきなえんぎをして、みるひとぜんいんをえがおにする。そのきせきはほしのえになる。"
"monsters_light_table","STAMINA_STUDY_STAMINA","蒼き炎のフェニックス","あおきほのおのフェニックス","不死鳥の力と知恵を持ち、深い青の炎に包まれた鳥。どんなに大変なことがあっても必ず立ち上がり、仲間を励ます。その歌声は悲しみを溶かしてしまう。","ふしちょうのちからとちえをもち、ふかいあおのほのおにつつまれたとり。どんなにたいへんなことがあってもかならずたちあがり、なかまをはげます。そのうたごえはかなしみをとかしてしまう。"
"monsters_light_table","STAMINA_STUDY_LIFE","山岳救助犬ハスキー","さんがくきゅうじょけんハスキー","雪山の知識と体力を持つ青い目のハスキー。猛吹雪の中でも道を迷わず、倒れた人を温かな毛皮で包んで安全な場所へ連れ帰る。その尻尾ふりは嵐の中でも止まらない。","ゆきやまのちしきとたいりょくをもつあおいめのハスキー。もうふぶきのなかでもみちをまよわず、たおれたひとをあたたかなけがわでつつんであんぜんなばしょへつれかえる。そのしっぽふりはあらしのなかでもとまらない。"
"monsters_light_table","STAMINA_STAMINA_STUDY","真実の聖騎士・レオ","しんじつのせいきし・レオ","正義と知恵を極めた王者ライオン。金の甲冑がまぶしく輝き、ひとたび咆哮すれば不正が消え去るという。でもお友達の前では甘えん坊な一面も。","せいぎとちえをきわめたおうじゃライオン。きんのかっちゅうがまぶしくかがやき、ひとたびほうこうすればふせいがきえさるという。でもおともだちのまえではあまえんぼうないちめんも。"
"monsters_light_table","STAMINA_STAMINA_STAMINA","太陽の黄金龍","たいようのおうごんりゅう","太陽の力を宿した黄金に輝く竜。どんなに暗い夜でも温かな光で照らし、寒さや悲しみを溶かしてしまう。その声は虹を呼ぶ。","たいようのちからをやどしたおうごんにかがやくりゅう。どんなにくらいよるでもあたたかなひかりでてらし、さむさやかなしみをとかしてしまう。そのこえはにじをよぶ。"
"monsters_light_table","STAMINA_STAMINA_LIFE","頼れるボクサー・カンガルー","たよれるボクサー・カンガルー","体力を鍛えつくしたお母さんカンガルー。ポケットには必要なものが何でも入っていて、みんなの荷物を抱えて全力ダッシュ。笑顔が最高の応援歌になる。","たいりょくをきたえつくしたおかあさんカンガルー。ポケットにはひつようなものがなんでもはいっていて、みんなのにもつをかかえてぜんりょくダッシュ。えがおがさいこうのおうえんかになる。"
"monsters_light_table","STAMINA_LIFE_STUDY","森の案内人トナカイ","もりのあんないにんトナカイ","森の地理を熟知したトナカイ。ツノがコンパスみたいに光って迷子を正しい方向へ導く。思いやりがあって、迷い込んだ動物たちのお家を見つけるのが何より好き。","もりのちりをじゅくちしたトナカイ。ツノがコンパスみたいにひかってまいごをただしいほうこうへみちびく。おもいやりがあって、まよいこんだどうぶつたちのおうちをみつけるのがなによりすき。"
"monsters_light_table","STAMINA_LIFE_STAMINA","大地の王者マンモス","だいちのおうじゃマンモス","大地の力を宿した大きなマンモス。その一歩一歩が地面を豊かにして、踏んだ場所に花が咲く。みんなをふかふかの背中に乗せてゆったり歩いてくれる。","だいちのちからをやどしたおおきなマンモス。そのいっぽいっぽがじめんをゆたかにして、ふんだばしょにはながさく。みんなをふかふかのせなかにのせてゆったりあるいてくれる。"
"monsters_light_table","STAMINA_LIFE_LIFE","忠義の守護柴犬","ちゅうぎのしゅごしばいぬ","大切な人への誠実さを極めた柴犬。いつも凛と背筋を伸ばして、大切な人を守るために走り続ける。「おかえり！」と尻尾をふる姿が家族への最高の出迎え。","たいせつなひとへのせいじつさをきわめたしばいぬ。いつもりんとせすじをのばして、たいせつなひとをまもるためにはしりつづける。「おかえり！」としっぽをふるすがたがかぞくへのさいこうのでむかえ。"
"monsters_light_table","LIFE_STUDY_STUDY","薬剤師のシロクマ","やくざいしのシロクマ","薬草の知識を極めたやさしいシロクマ。白衣を着て、自然の材料で体にいいお薬を調合する。「よしよし、すぐなおるよ」と大きな手でなでてくれる。","やくそうのちしきをきわめたやさしいシロクマ。はくいをきて、しぜんのざいりょうでからだにいいおくすりをちょうごうする。「よしよし、すぐなおるよ」とおおきなてでなでてくれる。"
"monsters_light_table","LIFE_STUDY_STAMINA","職人肌のモグラ","しょくにんはだのモグラ","手先が器用で力持ちなモグラ職人。分厚い手袋と道具箱で、壊れたものを何でも直してしまう。無口だけどできあがった作品はいつも本当に素晴らしい。","てさきがきようでちからもちなモグラしょくにん。ぶあついてぶくろとどうぐばこで、こわれたものをなんでもなおしてしまう。むくちだけどできあがったさくひんはいつもほんとうにすばらしい。"
"monsters_light_table","LIFE_STUDY_LIFE","お針子のカイコさん","おはりこのカイコさん","上質な糸を紡ぎ美しい布を織るカイコ。小さな体に大きなハートを持つ。「着る人が笑顔になれますように」と願いながら、一針一針丁寧に縫い上げる。","じょうしついとをつむぎうつくしいぬのをおるカイコ。ちいさなからだにおおきなハートをもつ。「きるひとがえがおになれますように」とねがいながら、ひとはりひとはりていねいにぬいあげる。"
"monsters_light_table","LIFE_STAMINA_STUDY","海洋のナース・イルカ","かいようのナース・イルカ","広い海を泳ぎながら困っている生き物を助けるイルカ。医学の知識と泳ぎの速さで、どんな遠い場所にも駆けつける。その歌声は心の痛みも癒やしてしまう。","ひろいうみをおよぎながらこまっているいきものをたすけるイルカ。いがくのちしきとおよぎのはやさで、どんなとおいばしょにもかけつける。そのうたごえはこころのいたみもいやしてしまう。"
"monsters_light_table","LIFE_STAMINA_STAMINA","不屈のアルパカ","ふくつのアルパカ","ふわふわの毛とたくましい体を持つアルパカ。どんな荒れた天気でも温かな毛糸を紡ぎ続ける。その毛糸で編んだセーターを着ると不思議と元気が出てくる。","ふわふわのけとたくましいからだをもつアルパカ。どんなあれたてんきでもあたたかなけいとをつむぎつづける。そのけいとであんだセーターをきるとふしぎとげんきがでてくる。"
"monsters_light_table","LIFE_STAMINA_LIFE","陽だまりのカピバラ","ひだまりのカピバラ","お風呂が大好きな世界一のんびり屋さんカピバラ。一緒にいるだけで全身の力が抜けてほっこり。みんなが幸せになるよう温泉をあちこちに作っている。","おふろがだいすきなせかいいちのんびりやさんカピバラ。いっしょにいるだけでぜんしんのちからがぬけてほっこり。みんながしあわせになるようおんせんをあちこちにつくっている。"
"monsters_light_table","LIFE_LIFE_STUDY","パティシエ・レッサーパンダ","パティシエ・レッサーパンダ","スイーツの科学を極めたレッサーパンダ。まるっとした体でテキパキとケーキを焼く姿がかわいい。食べた人が笑顔になれる魔法のスイーツが得意。","スイーツのかがくをきわめたレッサーパンダ。まるっとしたからだでテキパキとケーキをやくすがたがかわいい。たべたひとがえがおになれるまほうのスイーツがとくい。"
"monsters_light_table","LIFE_LIFE_STAMINA","大鍋のゾウさん","おおなべのゾウさん","大きな鼻でどんな食材も一気にかき混ぜる料理上手なゾウ。何百人分でも笑顔で作れる大きな鍋と大きな心の持ち主。食べた人みんながお腹いっぱい幸せになる。","おおきなはなでどんなしょくざいもいっきにかきまぜるりょうりじょうずなゾウ。なんびゃくにんぶんでもえがおでつくれるおおきななべとおおきなこころのもちぬし。たべたひとみんながおなかいっぱいしあわせになる。"
"monsters_light_table","LIFE_LIFE_LIFE","慈愛の聖母ラム","じあいのせいぼラム","生活力をすべて愛情に変えた白い羊。存在するだけで周りの空気がふんわり温かくなる。みんなの悲しみを柔らかな羊毛に包み込み、笑顔の花をそっと咲かせる。","せいかつりょくをすべてあいじょうにかえたしろいひつじ。そんざいするだけでまわりのくうきがふんわりあたたかくなる。みんなのかなしみをやわらかなようもうにつつみこみ、えがおのはなをそっとさかせる。"
"buddha_table","STUDY","文殊丸","もんじゅまる","小さな巻物を大事そうに抱えた、まんまるな見習い童子。「なるほどなるほど」と頷きながら、知恵の種を集めている。","ちいさなまきものをだいじそうにかかえた、まんまるなみならいどうじ。「なるほどなるほど」とうなずきながら、ちえのたねをあつめている。"
"buddha_table","STAMINA","金剛丸","こんごうまる","小さな金剛杵を握りしめた、がっしり体型の童子。まだ力は弱いが、踏ん張る姿にはすでに頼もしさがにじむ。","ちいさなこんごうしょをにぎりしめた、がっしりたいけいのどうじ。まだちからはよわいが、ふんばるすがたにはすでにたのもしさがにじむ。"
"buddha_table","LIFE","地蔵丸","じぞうまる","赤い前掛けをつけた、にこにこ顔の童子。道端で困っている人を見つけると、そっと手を差し伸べる優しい性格。","あかいまえかけをつけた、にこにこがおのどうじ。みちばたでこまっているひとをみつけると、そっとてをさしのべるやさしいせいかく。"
"buddha_table","STUDY_STUDY","虚空蔵","こくうぞう","文殊丸が知恵を深め、無限に広がる空のような智慧を宿した姿。頭上に輝く宝珠が、あらゆる知識を映し出す。","もんじゅまるがちえをふかめ、むげんにひろがるそらのようなちえをやどしたすがた。ずじょうにかがやくほうじゅが、あらゆるちしきをうつしだす。"
"buddha_table","STUDY_STAMINA","韋駄天","いだてん","俊足の守護者。学びに体力が加わり、風のように駆け抜けながら大切なものを守り抜く力を得た。","しゅんそくのしゅごしゃ。まなびにたいりょくがくわわり、かぜのようにかけぬけながらたいせつなものをまもりぬくちからをえた。"
"buddha_table","STUDY_LIFE","薬師","やくし","文殊丸の知恵が人を癒す力に変わった姿。小さな薬壺を手に、疲れた人にそっと元気を分け与える。","もんじゅまるのちえがひとをいやすちからにかわったすがた。ちいさなくすりつぼをてに、つかれたひとにそっとげんきをわけあたえる。"
"buddha_table","STAMINA_STUDY","毘沙門","びしゃもん","金剛丸が知恵をまとい、鎧を身につけた勇ましい姿。戦略を練りながら、正しいことのために立ち向かう。","こんごうまるがちえをまとい、よろいをみにつけたいさましいすがた。せんりゃくをねりながら、ただしいことのためにたちむかう。"
"buddha_table","STAMINA_STAMINA","仁王","におう","金剛丸がさらに力を鍛え、山門を守るがっしりとした姿に。ひとたび睨みをきかせると、悪いものは近寄れない。","こんごうまるがさらにちからをきたえ、さんもんをまもるがっしりとしたすがたに。ひとたびにらみをきかせると、わるいものはちかよれない。"
"buddha_table","STAMINA_LIFE","普賢","ふげん","力を人助けに使うことを覚えた金剛丸の姿。白い象のような優しい足取りで、困っている仲間の元へ向かう。","ちからをひとだすけにつかうことをおぼえたこんごうまるのすがた。しろいぞうのようなやさしいあしどりで、こまっているなかまのもとへむかう。"
"buddha_table","LIFE_STUDY","布袋","ほてい","地蔵丸が知恵をつけ、大きな袋を担いだ姿に。袋の中にはいつも誰かを笑顔にするための知恵と工夫が詰まっている。","じぞうまるがちえをつけ、おおきなふくろをかついだすがたに。ふくろのなかにはいつもだれかをえがおにするためのちえとくふうがつまっている。"
"buddha_table","LIFE_STAMINA","狛犬","こまいぬ","地蔵丸が体力をつけ、参道を守る頼もしい姿に進化。日々の暮らしを、じっと静かに見守り続けている。","じぞうまるがたいりょくをつけ、さんどうをまもるたのもしいすがたにしんか。ひびのくらしを、じっとしずかにみまもりつづけている。"
"buddha_table","LIFE_LIFE","観音","かんのん","地蔵丸の優しさがさらに深まり、慈しみに満ちた姿に。困っている声に、誰よりも早く気づいてくれる。","じぞうまるのやさしさがさらにふかまり、いつくしみにみちたすがたに。こまっているこえに、だれよりもはやくきづいてくれる。"
"buddha_table","STUDY_STUDY_STUDY","大日如来","だいにちにょらい","あらゆる知恵の光を一身に宿した、太陽のように輝く最高位の姿。静かな眼差しが、すべてを見通している。","あらゆるちえのひかりをいっしんにやどした、たいようのようにかがやくさいこういのすがた。しずかなまなざしが、すべてをみとおしている。"
"buddha_table","STUDY_STUDY_STAMINA","愛染明王","あいぜんみょうおう","知恵と情熱を燃え上がる炎のように束ねた姿。真っ赤な体で、諦めない心の強さを教えてくれる。","ちえとじょうねつをもえあがるほのおのようにたばねたすがた。まっかなからだで、あきらめないこころのつよさをおしえてくれる。"
"buddha_table","STUDY_STUDY_LIFE","虚空蔵菩薩","こくうぞうぼさつ","虚空蔵の智慧が人々を包み込むほど大きく育った姿。星空のような宝珠から、尽きることのない知恵を授ける。","こくうぞうのちえがひとびとをつつみこむほどおおきくそだったすがた。ほしぞらのようなほうじゅから、つきることのないちえをさずける。"
"buddha_table","STUDY_STAMINA_STUDY","帝釈天","たいしゃくてん","俊足と知略を極め、雷を操る守護神へと至った姿。困難な戦いほど、冷静に活路を見出す。","しゅんそくとちりゃくをきわめ、かみなりをあやつるしゅごしんへといたったすがた。こんなんなたたかいほど、れいせいにかつろをみいだす。"
"buddha_table","STUDY_STAMINA_STAMINA","蔵王権現","ざおうごんげん","韋駄天の俊敏さが荒々しい力強さと合わさった姿。片足立ちのまま、山をも動かす気迫を放つ。","いだてんのしゅんびんさがあらあらしいちからづよさとあわさったすがた。かたあしだちのまま、やまをもうごかすきはくをはなつ。"
"buddha_table","STUDY_STAMINA_LIFE","吉祥天","きちじょうてん","俊足の知恵が幸運を呼び込む力へと結実した姿。舞い降りるだけで、周りにささやかな幸せが広がる。","しゅんそくのちえがこううんをよびこむちからへとけつじつしたすがた。まいおりるだけで、まわりにささやかなしあわせがひろがる。"
"buddha_table","STUDY_LIFE_STUDY","文殊菩薩","もんじゅぼさつ","文殊丸の知恵が師と呼べるほど極まった姿。獅子にまたがり、迷える者に的確な導きを与える。","もんじゅまるのちえがしとよべるほどきわまったすがた。ししにまたがり、まよえるものにてきかくなみちびきをあたえる。"
"buddha_table","STUDY_LIFE_STAMINA","摩利支天","まりしてん","癒しの知恵に俊敏さが宿った、陽炎のように素早い守護者。姿を見せぬまま、そっと危険から遠ざけてくれる。","いやしのちえにしゅんびんさがやどった、かげろうのようにすばやいしゅごしゃ。すがたをみせぬまま、そっときけんからとおざけてくれる。"
"buddha_table","STUDY_LIFE_LIFE","薬師如来","やくしにょらい","薬師の癒しの力が極まり、あらゆる悩みを癒す姿へ。手にした薬壺の光は、心の痛みにもそっと寄り添う。","やくしのいやしのちからがきわまり、あらゆるなやみをいやすすがたへ。てにしたくすりつぼのひかりは、こころのいたみにもそっとよりそう。"
"buddha_table","STAMINA_STUDY_STUDY","大威徳明王","だいいとくみょうおう","毘沙門の知略が極まり、水牛にまたがる威厳ある姿へ。六つの顔ですべての方角に目を配る。","びしゃもんのちりゃくがきわまり、すいぎゅうにまたがるいげんあるすがたへ。むっつのかおですべてのほうがくにめをくばる。"
"buddha_table","STAMINA_STUDY_STAMINA","阿修羅","あしゅら","戦う知恵と力を極限まで高めた、三面六臂の姿。荒々しさの奥に、譲れない信念を秘めている。","たたかうちえとちからをきょくげんまでたかめた、さんめんろっぴのすがた。あらあらしさのおくに、ゆずれないしんねんをひめている。"
"buddha_table","STAMINA_STUDY_LIFE","持国天","じこくてん","毘沙門の知略が人々の暮らしを守る力に変わった姿。東の方角に立ち、静かに国と家族を見守る。","びしゃもんのちりゃくがひとびとのくらしをまもるちからにかわったすがた。ひがしのほうがくにたち、しずかにくにとかぞくをみまもる。"
"buddha_table","STAMINA_STAMINA_STUDY","広目天","こうもくてん","仁王の力に鋭い眼力が加わった姿。筆を手に、見逃さぬよう世界の隅々まで見渡している。","におうのちからにするどいがんりきがくわわったすがた。ふでをてに、みのがさぬようせかいのすみずみまでみわたしている。"
"buddha_table","STAMINA_STAMINA_STAMINA","執金剛神","しゅうこんごうじん","仁王の力を極限まで鍛え上げた、金剛杵を掲げる最強の守護者。その一撃であらゆる迷いを打ち払う。","におうのちからをきょくげんまできたえあげた、こんごうしょをかかげるさいきょうのしゅごしゃ。そのいちげきであらゆるまよいをうちはらう。"
"buddha_table","STAMINA_STAMINA_LIFE","増長天","ぞうちょうてん","仁王の力が人を育む優しさへと結実した姿。南の方角から、成長する者たちをまっすぐ後押しする。","におうのちからがひとをはぐくむやさしさへとけつじつしたすがた。みなみのほうがくから、せいちょうするものたちをまっすぐあとおしする。"
"buddha_table","STAMINA_LIFE_STUDY","普賢菩薩","ふげんぼさつ","普賢の優しさに知恵が加わり、白象に乗る菩薩へと至った姿。行いの一つひとつを、じっくり見守っている。","ふげんのやさしさにちえがくわわり、びゃくぞうにのるぼさつへといたったすがた。おこないのひとつひとつを、じっくりみまもっている。"
"buddha_table","STAMINA_LIFE_STAMINA","不動明王","ふどうみょうおう","普賢の優しさに揺るがない意志が宿った姿。燃え盛る炎を背に、なにがあっても動じない強さを見せる。","ふげんのやさしさにゆるがないいしがやどったすがた。もえさかるほのおをせに、なにがあってもどうじないつよさをみせる。"
"buddha_table","STAMINA_LIFE_LIFE","馬頭観音","ばとうかんのん","普賢の優しさが極まり、馬のような力強さを宿した観音の姿。誰よりも早く駆けつけ、そっと支えてくれる。","ふげんのやさしさがきわまり、うまのようなちからづよさをやどしたかんのんのすがた。だれよりもはやくかけつけ、そっとささえてくれる。"
"buddha_table","LIFE_STUDY_STUDY","弁財天","べんざいてん","布袋の知恵が芸事や才能を開花させる力へと変わった姿。琵琶の音色で、みんなの心を豊かにする。","ほていのちえがげいごとやさいのうをかいかさせるちからへとかわったすがた。びわのねいろで、みんなのこころをゆたかにする。"
"buddha_table","LIFE_STUDY_STAMINA","閻魔大王","えんまだいおう","布袋の知恵が、正しさをきちんと見極める力へと至った姿。優しさの奥に、揺るがない公正さを秘めている。","ほていのちえが、ただしさをきちんとみきわめるちからへといたったすがた。やさしさのおくに、ゆるがないこうせいさをひめている。"
"buddha_table","LIFE_STUDY_LIFE","弥勒菩薩","みろくぼさつ","布袋の優しさと知恵が極まり、遠い未来まで思いをはせる菩薩の姿へ。静かな微笑みに安心感が宿る。","ほていのやさしさとちえがきわまり、とおいみらいまでおもいをはせるぼさつのすがたへ。しずかなほほえみにあんしんかんがやどる。"
"buddha_table","LIFE_STAMINA_STUDY","大黒天","だいこくてん","狛犬の頼もしさに知恵が加わり、大きな袋と打ち出の小槌を持つ姿へ。みんなの暮らしを豊かにしようと働く。","こまいぬのたのもしさにちえがくわわり、おおきなふくろとうちでのこづちをもつすがたへ。みんなのくらしをゆたかにしようとはたらく。"
"buddha_table","LIFE_STAMINA_STAMINA","矜羯羅童子","こんがらどうじ","狛犬の頼もしさがさらに鍛えられ、力強い護法童子の姿へ。任されたことは最後までやり通す責任感の持ち主。","こまいぬのたのもしさがさらにきたえられ、ちからづよいごほうどうじのすがたへ。まかされたことはさいごまでやりとおすせきにんかんのもちぬし。"
"buddha_table","LIFE_STAMINA_LIFE","十一面観音","じゅういちめんかんのん","狛犬の見守る力が極まり、あらゆる方角に顔を向ける観音の姿へ。誰の悲しみも見逃さない。","こまいぬのみまもるちからがきわまり、あらゆるほうがくにかおをむけるかんのんのすがたへ。だれのかなしみもみのがさない。"
"buddha_table","LIFE_LIFE_STUDY","地蔵菩薩","じぞうぼさつ","観音の慈しみに知恵が加わり、旅人や子供たちを見守る菩薩の姿へ。道の途中で、そっと寄り添ってくれる。","かんのんのいつくしみにちえがくわわり、たびびとやこどもたちをみまもるぼさつのすがたへ。みちのとちゅうで、そっとよりそってくれる。"
"buddha_table","LIFE_LIFE_STAMINA","えびす様","えびすさま","観音の慈しみが、福を招く朗らかな力へと変わった姿。大きな鯛を抱え、いつもにこにこ笑っている。","かんのんのいつくしみが、ふくをまねくほがらかなちからへとかわったすがた。おおきなたいをかかえ、いつもにこにこわらっている。"
"buddha_table","LIFE_LIFE_LIFE","千手観音","せんじゅかんのん","観音の慈しみを極めた究極の姿。千本の手のすべてで、困っている人にそっと手を差し伸べ続ける。","かんのんのいつくしみをきわめたきゅうきょくのすがた。せんぼんのてのすべてで、こまっているひとにそっとてをさしのべつづける。"
"collection","spring-01","モンシロチョウ","モンシロチョウ","花から花へひらひらと","はなからはなへひらひらと"
"collection","spring-02","オタマジャクシ","オタマジャクシ","まだ足が生えてないちびっこ","まだあしがはえてないちびっこ"
"collection","spring-03","ウグイス","ウグイス","ホーホケキョ！春をつげる声","ホーホケキョ！はるをつげるこえ"
"collection","spring-04","桜龍","さくらりゅう","花びらの中から現れる春だけの龍","はなびらのなかからあらわれるはるだけのりゅう"
"collection","spring-05","さくらもち","さくらもち","葉っぱごと食べる派？","はっぱごとたべるは？"
"collection","spring-06","いちご","いちご","あまずっぱい春のおやつ","あまずっぱいはるのおやつ"
"collection","spring-07","三色だんご","さんしょくだんご","ピンク・白・みどりのなかよし3兄弟","ピンク・しろ・みどりのなかよし3きょうだい"
"collection","spring-08","花のはちみつ","はなのはちみつ","春の花だけで作った黄金色のはちみつ","はるのはなだけでつくったこがねいろのはちみつ"
"collection","spring-09","桜色の石","さくらいろのいし","うすいピンクがきれいな小石","うすいピンクがきれいなこいし"
"collection","spring-10","つくしの化石","つくしのかせき","大むかしの春がとじこめられてる","おおむかしのはるがとじこめられてる"
"collection","spring-11","ローズクォーツ","ローズクォーツ","やさしいピンクの愛の石","やさしいピンクのあいのいし"
"collection","spring-12","春風のかけら","はるかぜのかけら","ビンに閉じこめたあたたかい風","ビンにとじこめたあたたかいかぜ"
"collection","spring-13","花かんむり","はなかんむり","野の花をあつめて作った","ののはなをあつめてつくった"
"collection","spring-14","たんぽぽの綿毛","たんぽぽのわたげ","ふーっと息をふいてとばそう","ふーっといきをふいてとばそう"
"collection","spring-15","春のスケッチブック","はるのスケッチブック","開くと絵がうごきだす","ひらくとえがうごきだす"
"collection","spring-16","妖精のふえ","ようせいのふえ","吹くとまわりに花が咲く","ふくとまわりにはながさく"
"collection","spring-17","つくし","つくし","春いちばんに顔を出す","はるいちばんにかおをだす"
"collection","spring-18","菜の花","なのはな","黄色いじゅうたんみたい","きいろいじゅうたんみたい"
"collection","spring-19","春がすみ","はるがすみ","朝もやの中にかくれた風景","あさもやのなかにかくれたふうけい"
"collection","spring-20","千年桜の花びら","せんねんざくらのはなびら","千年に一度だけ咲く桜から落ちた一枚","せんねんにいちどだけさくさくらからおちたいちまい"
"collection","summer-01","カブトムシ","カブトムシ","夏の王様。つのがかっこいい","なつのおうさま。つのがかっこいい"
"collection","summer-02","セミのぬけがら","セミのぬけがら","木の幹にしがみついてた","きのみきにしがみついてた"
"collection","summer-03","クラゲ","クラゲ","ゆらゆら光る海のランプ","ゆらゆらひかるうみのランプ"
"collection","summer-04","リュウグウノツカイ","リュウグウノツカイ","深海からあらわれた伝説の魚","しんかいからあらわれたでんせつのさかな"
"collection","summer-05","スイカ","スイカ","たたくといい音がする","たたくといいおとがする"
"collection","summer-06","かきごおり","かきごおり","シロップはブルーハワイ派","シロップはブルーハワイは"
"collection","summer-07","わたあめ","わたあめ","ふわふわで雲みたいなやつ","ふわふわでくもみたいなやつ"
"collection","summer-08","流れ星ソーダ","ながれぼしソーダ","飲むと体がキラキラ光る夜だけのジュース","のむとからだがキラキラひかるよるだけのジュース"
"collection","summer-09","シーグラス","シーグラス","波にみがかれたガラスのかけら","なみにみがかれたガラスのかけら"
"collection","summer-10","貝がら","かいがら","耳にあてると海の音がする","みみにあてるとうみのおとがする"
"collection","summer-11","アレキサンドライト","アレキサンドライト","昼と夜で色が変わるふしぎな石","ひるとよるでいろがかわるふしぎないし"
"collection","summer-12","人魚のうろこ","にんぎょのうろこ","太陽にかざすと七色にかがやく","たいようにかざすとなないろにかがやく"
"collection","summer-13","むしとりあみ","むしとりあみ","夏休みの必須アイテム","なつやすみのひっすアイテム"
"collection","summer-14","ビーチサンダル","ビーチサンダル","ペタペタ音がたのしい","ペタペタおとがたのしい"
"collection","summer-15","花火セット","はなびセット","線香花火が最後まで残ったら勝ち","せんこうはなびがさいごまでのこったらかち"
"collection","summer-16","まぼろしの貝笛","まぼろしのかいぶえ","吹くと海の生き物があつまってくる","ふくとうみのいきものがあつまってくる"
"collection","summer-17","ひまわり","ひまわり","太陽にむかってまっすぐのびる","たいようにむかってまっすぐのびる"
"collection","summer-18","入道雲","にゅうどうぐも","もくもく育つ夏のしるし","もくもくそだつなつのしるし"
"collection","summer-19","にじ","にじ","夕立のあとにかかるごほうび","ゆうだちのあとにかかるごほうび"
"collection","summer-20","天の川のひとしずく","あまのがわのひとしずく","七夕の夜にだけ降ってくる星のしずく","たなばたのよるにだけふってくるほしのしずく"
"collection","fall-01","アキアカネ","アキアカネ","夕やけの中をとぶ赤とんぼ","ゆうやけのなかをとぶあかとんぼ"
"collection","fall-02","スズムシ","スズムシ","リーンリーンと秋を歌う","リーンリーンとあきをうたう"
"collection","fall-03","フクロウ（秋羽）","フクロウ（あきばね）","紅葉色の羽をまとった森の番人","もみじいろのはねをまとったもりのばんにん"
"collection","fall-04","月うさぎ","つきうさぎ","満月の夜だけ現れるふしぎなうさぎ","まんげつのよるだけあらわれるふしぎなうさぎ"
"collection","fall-05","やきいも","やきいも","ホクホクあつあつ。ほっぺが落ちる","ホクホクあつあつ。ほっぺがおちる"
"collection","fall-06","くり","くり","トゲトゲの中身はあまい","トゲトゲのなかみはあまい"
"collection","fall-07","月見だんご","つきみだんご","お月さまにおそなえするまんまるだんご","おつきさまにおそなえするまんまるだんご"
"collection","fall-08","黄金のまつたけ","おうごんのまつたけ","見つけたら一生ラッキーな伝説のきのこ","みつけたらいっしょうラッキーなでんせつのきのこ"
"collection","fall-09","琥珀","こはく","虫が閉じこめられた太古のたからもの","むしがとじこめられたたいこのたからもの"
"collection","fall-10","もみじの化石","もみじのかせき","何万年も前の秋がのこってる","なんまんねんもまえのあきがのこってる"
"collection","fall-11","タイガーアイ","タイガーアイ","トラの目みたいにギラッと光る","トラのめみたいにギラッとひかる"
"collection","fall-12","月光石","げっこうせき","月の光をあつめて固めた石","つきのひかりをあつめてかためたいし"
"collection","fall-13","落ち葉","おちば","カサカサいい音がする","カサカサいいおとがする"
"collection","fall-14","どんぐりごま","どんぐりごま","指でくるくるまわせる","ゆびでくるくるまわせる"
"collection","fall-15","秋の絵はがき","あきのえはがき","紅葉の山が描かれたふしぎなカード","もみじのやまがえがかれたふしぎなカード"
"collection","fall-16","星月夜のランタン","ほしづきよのランタン","火をつけると星空がうかびあがる","ひをつけるとほしぞらがうかびあがる"
"collection","fall-17","紅葉","もみじ","赤と黄色のグラデーション","あかときいろのグラデーション"
"collection","fall-18","すすき","すすき","風にゆれる秋のシンボル","かぜにゆれるあきのシンボル"
"collection","fall-19","きんもくせいの香り","きんもくせいのかおり","ビンを開けると秋の匂いがふわっと","ビンをあけるとあきのにおいがふわっと"
"collection","fall-20","十五夜の月のかけら","じゅうごやのつきのかけら","一年でいちばんきれいな月のひとかけ","いちねんでいちばんきれいなつきのひとかけ"
"collection","winter-01","ゆきうさぎ","ゆきうさぎ","雪で作ったうさぎ…と思ったら動いた！","ゆきでつくったうさぎ…とおもったらうごいた！"
"collection","winter-02","シマエナガ","シマエナガ","まんまるもふもふの雪の妖精","まんまるもふもふのゆきのようせい"
"collection","winter-03","ペンギン","ペンギン","よちよち歩きがかわいい氷の住人","よちよちあるきがかわいいこおりのじゅうにん"
"collection","winter-04","氷龍","ひょうりゅう","吐息で何でも凍らせる冬だけの龍","といきでなんでもこおらせるふゆだけのりゅう"
"collection","winter-05","肉まん","にくまん","ほかほかの湯気がごちそう","ほかほかのゆげがごちそう"
"collection","winter-06","ココア","ココア","あったまる冬のともだち","あったまるふゆのともだち"
"collection","winter-07","クリスマスケーキ","クリスマスケーキ","いちごとクリームのスペシャル","いちごとクリームのスペシャル"
"collection","winter-08","北極星のこんぺいとう","ほっきょくせいのこんぺいとう","食べると体がほんのり光る冬限定のお菓子","たべるとからだがほんのりひかるふゆげんていのおかし"
"collection","winter-09","つらら","つらら","太陽があたるとキラキラ光る","たいようがあたるとキラキラひかる"
"collection","winter-10","霜の結晶","しものけっしょう","窓ガラスにできた自然のアート","まどガラスにできたしぜんのアート"
"collection","winter-11","ムーンストーン","ムーンストーン","冬の月みたいに青白く光る","ふゆのつきみたいにあおじろくひかる"
"collection","winter-12","ダイヤモンドダスト","ダイヤモンドダスト","空気中にキラキラ舞う氷の宝石","くうきちゅうにキラキラまうこおりのほうせき"
"collection","winter-13","毛糸の手ぶくろ","けいとのてぶくろ","おばあちゃんが編んでくれた","おばあちゃんがあんでくれた"
"collection","winter-14","ゆきだるまの帽子","ゆきだるまのぼうし","かぶると雪がふりだすらしい","かぶるとゆきがふりだすらしい"
"collection","winter-15","クリスマスのくつした","クリスマスのくつした","枕もとに置くとプレゼントが…？","まくらもとにおくとプレゼントが…？"
"collection","winter-16","サンタのそり笛","サンタのそりぶえ","吹くとトナカイがやってくる","ふくとトナカイがやってくる"
"collection","winter-17","雪の結晶","ゆきのけっしょう","同じ形はふたつとない","おなじかたちはふたつとない"
"collection","winter-18","冬芽","ふゆめ","寒さの中でじっと春を待ってる","さむさのなかでじっとはるをまってる"
"collection","winter-19","氷の花","こおりのはな","水たまりにさいた冬だけの花","みずたまりにさいたふゆだけのはな"
"collection","winter-20","オーロラのカーテン","オーロラのカーテン","北の空にゆれる光のカーテン","きたのそらにゆれるひかりのカーテン"
"collection","m01-01","鏡もち","かがみもち","みかんの帽子がちょこんとのってる","みかんのぼうしがちょこんとのってる"
"collection","m01-02","たこあげ","たこあげ","お正月の空たかくのぼれ！","おしょうがつのそらたかくのぼれ！"
"collection","m01-03","獅子舞","ししまい","あたまをかまれると一年しあわせになれる","あたまをかまれるといちねんしあわせになれる"
"collection","m01-04","ガーネット","ガーネット","1月生まれの守り石。冬に燃える赤","1がつうまれのまもりいし。ふゆにもえるあか"
"collection","m01-05","初日の出のひかり","はつひのでのひかり","一年でいちばん最初の太陽の光をビンにつめた","いちねんでいちばんさいしょのたいようのひかりをビンにつめた"
"collection","m02-01","恵方巻","えほうまき","しゃべらずに食べきれたら願いがかなう","しゃべらずにたべきれたらねがいがかなう"
"collection","m02-02","ふきのとう","ふきのとう","雪の下から顔を出す春のさきがけ","ゆきのしたからかおをだすはるのさきがけ"
"collection","m02-03","鬼のお面","おにのおめん","おにはーそと！ふくはーうち！","おにはーそと！ふくはーうち！"
"collection","m02-04","アメジスト","アメジスト","2月生まれの守り石。むらさきの夜の色","2がつうまれのまもりいし。むらさきのよるのいろ"
"collection","m02-05","子オニ","こオニ","節分の夜にはぐれた、心やさしいちびっこオニ","せつぶんのよるにはぐれた、こころやさしいちびっこオニ"
"collection","m03-01","ひなあられ","ひなあられ","ピンク・白・みどりのカラフルなおこし","ピンク・しろ・みどりのカラフルなおこし"
"collection","m03-02","メジロ","メジロ","梅の花のみつが大好物なうぐいす色の小鳥","うめのはなのみつがだいこうぶつなうぐいすいろのことり"
"collection","m03-03","ぼんぼり","ぼんぼり","おひなさまをやさしく照らすあかり","おひなさまをやさしくてらすあかり"
"collection","m03-04","アクアマリン","アクアマリン","3月生まれの守り石。春の海の色","3がつうまれのまもりいし。はるのうみのいろ"
"collection","m03-05","たびだちの花たば","たびだちのはなたば","卒業式の日にもらえる、ずっと枯れない花たば","そつぎょうしきのひにもらえる、ずっとかれないはなたば"
"collection","m04-01","ツバメ","ツバメ","軒下に巣を作りに、海をこえて帰ってきた","のきしたにすをつくりに、うみをこえてかえってきた"
"collection","m04-02","桜吹雪","さくらふぶき","ひらひら舞う花びらのシャワー","ひらひらまうはなびらのシャワー"
"collection","m04-03","ピカピカのランドセル","ピカピカのランドセル","新1年生のしるし。まだ革のにおいがする","しん1ねんせいのしるし。まだかわのにおいがする"
"collection","m04-04","ダイヤモンド","ダイヤモンド","4月生まれの守り石。世界でいちばんかたい輝き","4がつうまれのまもりいし。せかいでいちばんかたいかがやき"
"collection","m04-05","虹色イースターエッグ","にじいろイースターエッグ","中から何が出てくるかはわってからのおたのしみ","なかからなにがでてくるかはわってからのおたのしみ"
"collection","m05-01","かしわもち","かしわもち","葉っぱのおふとんにくるまったおもち","はっぱのおふとんにくるまったおもち"
"collection","m05-02","テントウムシ","テントウムシ","手にとまったら幸運のしるし","てにとまったらこううんのしるし"
"collection","m05-03","こいのぼり","こいのぼり","屋根より高く、風をのんでおよぐ","やねよりたかく、かぜをのんでおよぐ"
"collection","m05-04","エメラルド","エメラルド","5月生まれの守り石。新緑のみどり","5がつうまれのまもりいし。しんりょくのみどり"
"collection","m05-05","雲のこいのぼり","くものこいのぼり","五月晴れの空にあらわれる、雲でできた巨大こいのぼり","さつきばれのそらにあらわれる、くもでできたきょだいこいのぼり"
"collection","m06-01","あじさい","あじさい","雨の日がだいすきな、色変わりの花","あめのひがだいすきな、いろがわりのはな"
"collection","m06-02","カタツムリ","カタツムリ","あじさいの葉っぱの上をのんびりおさんぽ","あじさいのはっぱのうえをのんびりおさんぽ"
"collection","m06-03","てるてる坊主","てるてるぼうず","あーした天気になあれ！","あーしたてんきになあれ！"
"collection","m06-04","真珠","しんじゅ","6月生まれの守り石。貝の中でひっそり育った光のつぶ","6がつうまれのまもりいし。かいのなかでひっそりそだったひかりのつぶ"
"collection","m06-05","ホタル","ホタル","夜の川辺にうかぶ小さな光。見つけたらラッキー","よるのかわべにうかぶちいさなひかり。みつけたらラッキー"
"collection","m07-01","ラムネ","ラムネ","ビー玉がカラカラ鳴る夏の音","ビーだまがカラカラなるなつのおと"
"collection","m07-02","すなはまのカニ","すなはまのカニ","横歩きの名人。あなを掘るのも速い","よこあるきのめいじん。あなをほるのもはやい"
"collection","m07-03","たんざく","たんざく","ねがいごとを書いて笹にむすぼう","ねがいごとをかいてささにむすぼう"
"collection","m07-04","ルビー","ルビー","7月生まれの守り石。真夏の太陽の赤","7がつうまれのまもりいし。まなつのたいようのあか"
"collection","m07-05","織姫のはたおり糸","おりひめのはたおりいと","七夕の夜、天の川をわたるためのきらめく糸","たなばたのよる、あまのがわをわたるためのきらめくいと"
"collection","m08-01","りんごあめ","りんごあめ","つやつや真っ赤なお祭りの宝石","つやつやまっかなおまつりのほうせき"
"collection","m08-02","ヒグラシ","ヒグラシ","カナカナカナ…夕ぐれの合図","カナカナカナ…ゆうぐれのあいず"
"collection","m08-03","お祭りのお面","おまつりのおめん","キツネ？ヒーロー？今日はどれにする？","キツネ？ヒーロー？きょうはどれにする？"
"collection","m08-04","ペリドット","ペリドット","8月生まれの守り石。太陽が生んだ石","8がつうまれのまもりいし。たいようがうんだいし"
"collection","m08-05","打ち上げ花火のたね","うちあげはなびのたね","植えると夜空に大輪の花がさく…かもしれない","うえるとよぞらにたいりんのはながさく…かもしれない"
"collection","m09-01","ぶどう","ぶどう","つぶつぶむらさきの宝石ふさ","つぶつぶむらさきのほうせきふさ"
"collection","m09-02","コスモス","コスモス","秋風にゆれるピンクのじゅうたん","あきかぜにゆれるピンクのじゅうたん"
"collection","m09-03","カマキリ","カマキリ","かまをかまえた秋の草むらのハンター","かまをかまえたあきのくさむらのハンター"
"collection","m09-04","サファイア","サファイア","9月生まれの守り石。夜空の青","9がつうまれのまもりいし。よぞらのあお"
"collection","m09-05","かけっこの魔法ぐつ","かけっこのまほうぐつ","はくと風みたいに速く走れる運動会のひみつどうぐ","はくとかぜみたいにはやくはしれるうんどうかいのひみつどうぐ"
"collection","m10-01","ハロウィンキャンディ","ハロウィンキャンディ","トリック・オア・トリート！の戦利品","トリック・オア・トリート！のせんりひん"
"collection","m10-02","黒ネコ","くろネコ","ハロウィンの夜の魔女の相棒","ハロウィンのよるのまじょのあいぼう"
"collection","m10-03","おばけかぼちゃ","おばけかぼちゃ","畑でいちばん大きく育った顔つきかぼちゃ","はたけでいちばんおおきくそだったかおつきかぼちゃ"
"collection","m10-04","オパール","オパール","10月生まれの守り石。虹をとじこめた石","10がつうまれのまもりいし。にじをとじこめたいし"
"collection","m10-05","まじょのほうき","まじょのほうき","またがるとほんの少しだけ体がうく","またがるとほんのすこしだけからだがうく"
"collection","m11-01","みのむし","みのむし","落ち葉のコートでぬくぬく冬じたく","おちばのコートでぬくぬくふゆじたく"
"collection","m11-02","イチョウのじゅうたん","イチョウのじゅうたん","並木道が黄色一面にそまった","なみきみちがきいろいちめんにそまった"
"collection","m11-03","千歳あめ","ちとせあめ","ながーいあめ。ながーく元気でいられますように","ながーいあめ。ながーくげんきでいられますように"
"collection","m11-04","トパーズ","トパーズ","11月生まれの守り石。夕やけ色のきらめき","11がつうまれのまもりいし。ゆうやけいろのきらめき"
"collection","m11-05","まほうの本","まほうのほん","読むたびにお話が変わるふしぎな本","よむたびにおはなしがかわるふしぎなほん"
"collection","m12-01","年越しそば","としこしそば","ズルズル…ながーく元気にすごせますように","ズルズル…ながーくげんきにすごせますように"
"collection","m12-02","ゆず湯のゆず","ゆずゆのゆず","お風呂にぷかぷか。体はぽっかぽか","おふろにぷかぷか。からだはぽっかぽか"
"collection","m12-03","トナカイ","トナカイ","サンタのそりを引くはやての相棒","サンタのそりをひくはやてのあいぼう"
"collection","m12-04","ターコイズ","ターコイズ","12月生まれの守り石。冬の晴れ空の色","12がつうまれのまもりいし。ふゆのはれぞらのいろ"
"collection","m12-05","金のすず","きんのすず","本物のサンタのそりから落ちてきた鈴。ふると雪がまう","ほんもののサンタのそりからおちてきたすず。ふるとゆきがまう"
